,,,,
16-07-2023,15:46:06,19,Unknown,MES
16-07-2023,15:52:02,19,Unknown,MES
16-07-2023,15:54:48,19,Unknown,DAA
16-07-2023,16:00:13,19,Unknown,DAA
16-07-2023,16:00:58,19,Unknown,MFC
16-07-2023,16:07:18,26,Unknown,MES
16-07-2023,16:07:29,23,Unknown,MES
16-07-2023,16:07:30,24,Unknown,MES
16-07-2023,17:03:50,26,Unknown,DAA
22-08-2023,17:56:12,11,test,Math
24-08-2023,18:25:58,11,test,Math
24-08-2023,18:26:37,11,test,Math
24-08-2023,18:35:06,11,test,Math
24-08-2023,18:36:36,11,test,Math
24-08-2023,18:38:21,11,test,Math
24-08-2023,18:39:02,11,test,Math
24-08-2023,18:40:11,11,test,Math
24-08-2023,18:43:08,11,test,Math
24-08-2023,18:44:52,11,test,Math
24-08-2023,18:50:41,11,test,Math
24-08-2023,18:51:21,11,test,Math
